<?xml version="1.0" encoding="UTF-8"?>
<!DOCTYPE configuration PUBLIC "-//mybatis.org//DTD Config 3.0//EN" "http://mybatis.org/dtd/mybatis-3-config.dtd">
<configuration>
    <environments default="development">
        <environment id="development">
            <transactionManager type="JDBC"/>

            <!--测试环境 -->
            <dataSource type="POOLED">
                <property name="driver" value="com.mysql.jdbc.Driver"/>
                <property name="url" value="jdbc:mysql://rm-bp1y969moaa0s3dv1do.mysql.rds.aliyuncs.com"/>
                <property name="username" value="erp"/>
                <property name="password" value="erp"/>
            </dataSource>

            <dataSource type="POOLED">
                <property name="driver" value="oracle.jdbc.driver.OracleDriver"/>
                <property name="url" value="jdbc:oracle:thin:@xxx.xxx.xxx.xxx:xxxx/xxx"/>
                <property name="username" value="xxx"/>
                <property name="password" value="xxx"/>
            </dataSource>
        </environment>
    </environments>


    <!--指向到下级的配置文件,下级配置文件中保存具体的SQL-->
    <mappers>
        <!--<mapper resource="Mapper.xml"/>-->
        <!--<mapper resource="Oracle/MarketChannel.xml"/>-->
    </mappers>

</configuration>